id,t,x,y
0,0.0,-0.752759,2.704286
0,0.2,-1.249761,2.451316
0,0.4,-1.677949,2.111515
0,0.6,-2.023122,1.701698
0,0.8,-2.274912,1.240787
0,1.0,-2.427043,0.748975
0,1.2,-2.477416,0.246886
0,1.4,-2.428035,-0.245261
0,1.6,-2.284759,-0.708431
0,1.8,-2.056925,-1.125481
0,2.0,-1.75684,-1.481757
0,2.2,-1.399181,-1.765581
0,2.4,-1.000322,-1.968593
0,2.6,-0.57762,-2.085947
0,2.8,-0.148695,-2.11637
0,3.0,0.269282,-2.062071
0,3.2,0.660242,-1.928513
0,3.4,1.009814,-1.724077
0,3.6,1.305824,-1.45961
0,3.8,1.538689,-1.147904
0,4.0,1.701694,-0.803113
1,0.0,1.391964,0.591951
1,0.2,1.221933,0.839726
1,0.4,1.010342,1.044643
1,0.6,0.76717,1.200295
1,0.8,0.503253,1.30247
1,1.0,0.229822,1.349233
1,1.2,-0.041959,1.34091
1,1.4,-0.301428,1.279989
1,1.6,-0.538827,1.170938
1,1.8,-0.74565,1.019948
1,2.0,-0.914935,0.834622
1,2.2,-1.041471,0.623621
1,2.4,-1.12194,0.396279
1,2.6,-1.154974,0.162211
1,2.8,-1.141126,-0.069081
1,3.0,-1.082784,-0.288579
1,3.2,-0.983992,-0.48808
1,3.4,-0.850238,-0.660496
1,3.6,-0.688171,-0.800082
1,3.8,-0.505296,-0.902618
1,4.0,-0.309649,-0.965508
2,0.0,-2.063888,-2.064033
2,0.2,-1.580762,-2.384744
2,0.4,-1.054189,-2.598758
2,0.6,-0.506654,-2.701812
2,0.8,0.039409,-2.694188
2,1.0,0.562506,-2.580528
2,1.2,1.042892,-2.369475
2,1.4,1.463281,-2.073178
2,1.6,1.809434,-1.706672
2,1.8,2.070599,-1.287177
2,2.0,2.2398,-0.833328
2,2.2,2.313966,-0.364382
2,2.4,2.293895,0.100558
2,2.6,2.184074,0.543299
2,2.8,1.992357,0.947238
2,3.0,1.729522,1.297953
2,3.2,1.408731,1.583688
2,3.4,1.044917,1.795714
2,3.6,0.654126,1.928553
2,3.8,0.252841,1.980067
2,4.0,-0.14269,1.95141
3,0.0,-2.651498,2.197057
3,0.2,-2.975032,1.594293
3,0.4,-3.168459,0.952239
3,0.6,-3.229249,0.297775
3,0.8,-3.160201,-0.34278
3,1.0,-2.969132,-0.944692
3,1.2,-2.668368,-1.485717
3,1.4,-2.27408,-1.94689
3,1.6,-1.805497,-2.313141
3,1.8,-1.284026,-2.573735
3,2.0,-0.732323,-2.72253
3,2.2,-0.173348,-2.758037
3,2.4,0.370553,-2.683296
3,2.6,0.878502,-2.50558
3,2.8,1.331862,-2.23594
3,3.0,1.71488,-1.888624
3,3.2,2.015196,-1.480384
3,3.4,2.224201,-1.029722
3,3.6,2.337225,-0.556089
3,3.8,2.35357,-0.079078
3,4.0,2.276383,0.382351
4,0.0,0.60669,1.248435
4,0.2,0.339712,1.317466
4,0.4,0.069794,1.331792
4,0.6,-0.192296,1.292992
4,0.8,-0.436519,1.204681
4,1.0,-0.653939,1.072286
4,1.2,-0.837023,0.90276
4,1.4,-0.979893,0.704251
4,1.6,-1.078486,0.485729
4,1.8,-1.130648,0.256604
4,2.0,-1.136139,0.026335
4,2.2,-1.096573,-0.195944
4,2.4,-1.015278,-0.401775
4,2.6,-0.8971,-0.583678
4,2.8,-0.748148,-0.735412
4,3.0,-0.575507,-0.852171
4,3.2,-0.386922,-0.930718
4,3.4,-0.190459,-0.969451
4,3.6,0.005817,-0.968403
4,3.8,0.194169,-0.929175
4,4.0,0.367471,-0.854811
5,0.0,-2.876493,2.819459
5,0.2,-3.312378,2.148397
5,0.4,-3.600437,1.418853
5,0.6,-3.735098,0.661913
5,0.8,-3.717061,-0.091473
5,1.0,-3.553024,-0.811709
5,1.2,-3.255186,-1.471669
5,1.4,-2.840549,-2.047668
5,1.6,-2.330057,-2.520264
5,1.8,-1.747616,-2.874859
5,2.0,-1.119037,-3.102085
5,2.2,-0.470937,-3.197967
5,2.4,0.170338,-3.16387
5,2.6,0.779748,-3.006237
5,2.8,1.334487,-2.736133
5,3.0,1.814806,-2.368628
5,3.2,2.204664,-1.922047
5,3.4,2.492222,-1.417115
5,3.6,2.67014,-0.87605
5,3.8,2.735696,-0.321623
5,4.0,2.690708,0.22376
6,0.0,1.994656,-1.725965
6,0.2,2.252291,-1.269643
6,0.4,2.410931,-0.781101
6,0.6,2.468194,-0.280886
6,0.8,2.425796,0.210803
6,1.0,2.289318,0.674893
6,1.2,2.067836,1.09415
6,1.4,1.773423,1.453783
6,1.6,1.420559,1.741937
6,1.8,1.025463,1.950042
6,2.0,0.605385,2.073021
6,2.2,0.177885,2.10936
6,2.4,-0.239875,2.061021
6,2.6,-0.631788,1.933231
6,2.8,-0.983398,1.73415
6,3.0,-1.282409,1.474431
6,3.2,-1.519081,1.166702
6,3.4,-1.686518,0.82499
6,3.6,-1.780825,0.464115
6,3.8,-1.801149,0.099072
6,4.0,-1.749586,-0.255569
7,0.0,-1.90905,-1.899573
7,0.2,-1.464041,-2.196601
7,0.4,-0.978697,-2.395287
7,0.6,-0.473754,-2.491645
7,0.8,0.030088,-2.485882
7,1.0,0.512988,-2.382232
7,1.2,0.956707,-2.188622
7,1.4,1.345268,-1.916222
7,1.6,1.665499,-1.578873
7,1.8,1.907439,-1.192434
7,2.0,2.06461,-0.774084
7,2.2,2.13413,-0.341585
7,2.4,2.116694,0.087439
7,2.6,2.016399,0.496189
7,2.8,1.840452,0.86933
7,3.0,1.598764,1.193528
7,3.2,1.303452,1.457909
7,3.4,0.968272,1.654382
7,3.6,0.608019,1.777855
7,3.8,0.237893,1.826318
7,4.0,-0.12711,1.800799
8,0.0,-1.174547,0.148539
8,0.2,-1.157267,-0.086028
8,0.4,-1.094989,-0.308002
8,0.6,-0.991936,-0.509116
8,0.8,-0.853772,-0.682251
8,1.0,-0.687329,-0.821669
8,1.2,-0.500285,-0.923192
8,1.4,-0.300828,-0.984297
8,1.6,-0.097319,-1.004157
8,1.8,0.102052,-0.983606
8,2.0,0.289578,-0.925039
8,2.2,0.458322,-0.832259
8,2.4,0.602361,-0.710269
8,2.6,0.716978,-0.565028
8,2.8,0.798802,-0.403181
8,3.0,0.845891,-0.231767
8,3.2,0.857748,-0.057927
8,3.4,0.835285,0.111384
8,3.6,0.780736,0.26966
8,3.8,0.697512,0.411087
8,4.0,0.59002,0.530744
9,0.0,-0.40833,-1.252625
9,0.2,-0.148339,-1.282864
9,0.4,0.107312,-1.261284
9,0.6,0.348705,-1.19077
9,0.8,0.566869,-1.076022
9,1.0,0.754106,-0.923305
9,1.2,0.904239,-0.740134
9,1.4,1.012796,-0.534933
9,1.6,1.077123,-0.316664
9,1.8,1.096415,-0.094456
9,2.0,1.071677,0.122768
9,2.2,1.005612,0.32663
9,2.4,0.902447,0.509607
9,2.6,0.767709,0.665296
9,2.8,0.607953,0.788622
9,3.0,0.430466,0.875987
9,3.2,0.242948,0.925353
9,3.4,0.053194,0.936261
9,3.6,-0.131219,0.909788
9,3.8,-0.303223,0.848446
9,4.0,-0.456515,0.756022
10,0.0,0.671117,-2.163037
10,0.2,1.065931,-1.947257
10,0.4,1.403194,-1.663083
10,0.6,1.671852,-1.324411
10,0.8,1.86399,-0.946745
10,1.0,1.975026,-0.546521
10,1.2,2.003757,-0.140419
10,1.4,1.952276,0.255303
10,1.6,1.82576,0.625432
10,1.8,1.632145,0.956364
10,2.0,1.381703,1.236575
10,2.2,1.086546,1.456993
10,2.4,0.760078,1.611263
10,2.6,0.416412,1.69589
10,2.8,0.069785,1.710265
10,3.0,-0.266006,1.656575
10,3.2,-0.578131,1.539608
10,3.4,-0.855201,1.36646
10,3.6,-1.087654,1.14617
10,3.8,-1.268064,0.889279
10,4.0,-1.391352,0.607362
11,0.0,-1.247132,-0.801829
11,0.2,-1.041929,-1.013144
11,0.4,-0.803648,-1.176186
11,0.6,-0.542991,-1.286414
11,0.8,-0.271124,-1.341546
11,1.0,0.000785,-1.341568
11,1.2,0.262002,-1.28864
11,1.4,0.502636,-1.186926
11,1.6,0.713997,-1.042354
11,1.8,0.88889,-0.86231
11,2.0,1.021843,-0.655292
11,2.2,1.109252,-0.430527
11,2.4,1.149453,-0.197583
11,2.6,1.142711,0.034026
11,2.8,1.091132,0.255211
11,3.0,0.99851,0.457651
11,3.2,0.870111,0.634091
11,3.4,0.712403,0.778586
11,3.6,0.532762,0.886686
11,3.8,0.339137,0.955551
11,4.0,0.139718,0.984002
12,0.0,-0.26358,1.711056
12,0.2,-0.58641,1.592417
12,0.4,-0.873438,1.41558
12,0.6,-1.114738,1.189806
12,0.8,-1.302581,0.925924
12,1.0,-1.431647,0.635844
12,1.2,-1.499148,0.332042
12,1.4,-1.504833,0.027046
12,1.6,-1.450901,-0.267059
12,1.8,-1.34182,-0.539091
12,2.0,-1.184056,-0.779181
12,2.2,-0.985744,-0.979104
12,2.4,-0.756302,-1.132544
12,2.6,-0.506007,-1.235268
12,2.8,-0.245553,-1.285211
12,3.0,0.014379,-1.28247
12,3.2,0.263553,-1.229219
12,3.4,0.492555,-1.129541
12,3.6,0.693137,-0.989189
12,3.8,0.858498,-0.815299
12,4.0,0.983492,-0.616048
13,0.0,-1.801957,0.085407
13,0.2,-1.747702,-0.268854
13,0.4,-1.626595,-0.598613
13,0.6,-1.446037,-0.891816
13,0.8,-1.215486,-1.138325
13,1.0,-0.946001,-1.33024
13,1.2,-0.649745,-1.462128
13,1.4,-0.33946,-1.531136
13,1.6,-0.027944,-1.537008
13,1.8,0.272462,-1.481985
13,2.0,0.550335,-1.370629
13,2.2,0.795592,-1.209542
13,2.4,0.999833,-1.007032
13,2.6,1.156603,-0.772716
13,2.8,1.261577,-0.517089
13,3.0,1.312643,-0.251077
13,3.2,1.309898,0.014415
13,3.4,1.255561,0.268928
13,3.6,1.1538,0.502848
13,3.8,1.01049,0.70775
13,4.0,0.832916,0.876684
14,0.0,0.554487,-2.721298
14,0.2,1.062601,-2.506268
14,0.4,1.508853,-2.200751
14,0.6,1.878056,-1.820353
14,0.8,2.158659,-1.383023
14,1.0,2.34306,-0.908255
14,1.2,2.427755,-0.416254
14,1.4,2.413309,0.072885
14,1.6,2.304179,0.539969
14,1.8,2.108386,0.967427
14,2.0,1.837055,1.339942
14,2.2,1.503857,1.644966
14,2.4,1.124368,1.873106
14,2.6,0.715381,2.018372
14,2.8,0.294195,2.07828
14,3.0,-0.122088,2.053813
14,3.2,-0.517231,1.949244
14,3.4,-0.876466,1.771842
14,3.6,-1.187023,1.531463
14,3.8,-1.438554,1.240064
14,4.0,-1.623444,0.911148
15,0.0,0.645269,-1.976855
15,0.2,1.004844,-1.773433
15,0.4,1.310661,-1.507992
15,0.6,1.552757,-1.193441
15,0.8,1.724076,-0.844119
15,1.0,1.820631,-0.475178
15,1.2,1.841543,-0.101948
15,1.4,1.788952,0.260672
15,1.6,1.667816,0.598785
15,1.8,1.485603,0.900009
15,2.0,1.2519,1.1539
15,2.2,0.977949,1.352293
15,2.4,0.676142,1.489535
15,2.6,0.359482,1.562605
15,2.8,0.041049,1.571138
15,3.0,-0.266518,1.517325
15,3.2,-0.551507,1.405735
15,3.4,-0.803555,1.243039
15,3.6,-1.014005,1.037661
15,3.8,-1.176182,0.79938
15,4.0,-1.285578,0.538892
16,0.0,-2.60969,2.693313
16,0.2,-3.031506,2.079169
16,0.4,-3.317133,1.407043
16,0.6,-3.46064,0.705736
16,0.8,-3.461933,0.004072
16,1.0,-3.326538,-0.670241
16,1.2,-3.065158,-1.291661
16,1.4,-2.69305,-1.837737
16,1.6,-2.229241,-2.289869
16,1.8,-1.695632,-2.633895
16,2.0,-1.116022,-2.860477
16,2.2,-0.51509,-2.965276
16,2.4,0.08261,-2.948931
16,2.6,0.653615,-2.816837
16,2.8,1.176434,-2.578746
16,3.0,1.632322,-2.248211
16,3.2,2.005909,-1.841902
16,3.4,2.285679,-1.378828
16,3.6,2.464267,-0.879489
16,3.8,2.538591,-0.365017
16,4.0,2.509807,0.14369
17,0.0,2.793792,1.850384
17,0.2,2.323557,2.321636
17,0.4,1.780052,2.68278
17,0.6,1.187601,2.923878
17,0.8,0.571507,3.040121
17,1.0,-0.042987,3.031819
17,1.2,-0.631692,2.90418
17,1.4,-1.172382,2.666922
17,1.6,-1.645599,2.333707
17,1.8,-2.035314,1.92145
17,2.0,-2.329417,1.44952
17,2.2,-2.52005,0.938883
17,2.4,-2.603747,0.411211
17,2.6,-2.581395,-0.112001
17,2.8,-2.458036,-0.610278
17,3.0,-2.242499,-1.064931
17,3.2,-1.946905,-1.459727
17,3.4,-1.586059,-1.78143
17,3.6,-1.176762,-2.020209
17,3.8,-0.737069,-2.169891
17,4.0,-0.285524,-2.228062
18,0.0,-1.172317,-2.413967
18,0.2,-0.656121,-2.547294
18,0.4,-0.134267,-2.574855
18,0.6,0.372424,-2.49971
18,0.8,0.84455,-2.328852
18,1.0,1.264831,-2.072776
18,1.2,1.618712,-1.744932
18,1.4,1.89483,-1.361072
18,1.6,2.085335,-0.938543
18,1.8,2.186066,-0.495538
18,2.0,2.196567,-0.050345
18,2.2,2.119961,0.37938
18,2.4,1.962687,0.777282
18,2.6,1.734115,1.128905
18,2.8,1.446062,1.422185
18,3.0,1.112229,1.647834
18,3.2,0.747588,1.799598
18,3.4,0.367738,1.874384
18,3.6,-0.011733,1.872259
18,3.8,-0.375863,1.796322
18,4.0,-0.71088,1.652465
19,0.0,1.105398,-0.359085
19,0.2,1.131839,-0.129702
19,0.4,1.112571,0.095807
19,0.6,1.050147,0.308693
19,0.8,0.948723,0.501048
19,1.0,0.813831,0.666085
19,1.2,0.652107,0.798362
19,1.4,0.470987,0.893942
19,1.6,0.278379,0.950492
19,1.8,0.082336,0.967311
19,2.0,-0.109271,0.945292
19,2.2,-0.289052,0.886826
19,2.4,-0.450375,0.795652
19,2.6,-0.587598,0.676649
19,2.8,-0.696249,0.535606
19,3.0,-0.773159,0.378953
19,3.2,-0.816539,0.213486
19,3.4,-0.82599,0.046081
19,3.6,-0.80247,-0.11658
19,3.8,-0.7482,-0.268261
19,4.0,-0.666528,-0.403407
20,0.0,-2.267771,-0.028939
20,0.2,-2.172924,-0.46941
20,0.4,-1.996035,-0.874084
20,0.6,-1.7473,-1.228393
20,0.8,-1.439355,-1.520327
20,1.0,-1.086675,-1.740809
20,1.2,-0.704933,-1.88394
20,1.4,-0.310337,-1.947102
20,1.6,0.081036,-1.930938
20,1.8,0.453866,-1.839197
20,2.0,0.794164,-1.678463
20,2.2,1.089775,-1.457784
20,2.4,1.330784,-1.188222
20,2.6,1.509818,-0.882331
20,2.8,1.622243,-0.55361
20,3.0,1.666233,-0.215927
20,3.2,1.642733,0.117038
20,3.4,1.555319,0.432328
20,3.6,1.409947,0.718193
20,3.8,1.214625,0.964503
20,4.0,0.979023,1.163089
21,0.0,-2.793669,2.455922
21,0.2,-3.162019,1.81529
21,0.4,-3.391126,1.128129
21,0.6,-3.477408,0.423386
21,0.8,-3.423059,-0.270436
21,1.0,-3.235737,-0.92638
21,1.2,-2.928051,-1.520043
21,1.4,-2.516863,-2.030435
21,1.6,-2.02246,-2.440676
21,1.8,-1.467619,-2.738503
21,2.0,-0.876607,-2.916568
21,2.2,-0.274171,-2.972539
21,2.4,0.315466,-2.908993
21,2.6,0.869534,-2.733125
21,2.8,1.367557,-2.456281
21,3.0,1.792078,-2.093346
21,3.2,2.129224,-1.662019
21,3.4,2.369113,-1.182007
21,3.6,2.506092,-0.674164
21,3.8,2.538787,-0.159624
21,4.0,2.469999,0.341041
22,0.0,-1.44732,0.975134
22,0.2,-1.580275,0.654932
22,0.4,-1.645646,0.321436
22,0.6,-1.643503,-0.01167
22,0.8,-1.576577,-0.331256
22,1.0,-1.45005,-0.625236
22,1.2,-1.271253,-0.883013
22,1.4,-1.049292,-1.095832
22,1.6,-0.794619,-1.257055
22,1.8,-0.51857,-1.362343
22,2.0,-0.232877,-1.409733
22,2.2,0.050806,-1.399625
22,2.4,0.32136,-1.334672
22,2.6,0.568623,-1.219588
22,2.8,0.783748,-1.060881
22,3.0,0.959505,-0.866526
22,3.2,1.090501,-0.645591
22,3.4,1.17332,-0.407837
22,3.6,1.206582,-0.163309
22,3.8,1.190919,0.078076
22,4.0,1.128866,0.306916
23,0.0,-1.129734,0.120408
23,0.2,-1.108739,-0.104325
23,0.4,-1.044807,-0.316129
23,0.6,-0.942145,-0.507152
23,0.8,-0.806323,-0.670668
23,1.0,-0.644002,-0.801302
23,1.2,-0.462628,-0.895189
23,1.4,-0.270106,-0.950062
23,1.6,-0.074472,-0.965286
23,1.8,0.116431,-0.941815
23,2.0,0.295253,-0.882093
23,2.2,0.455411,-0.789897
23,2.4,0.591315,-0.67014
23,2.6,0.698552,-0.528629
23,2.8,0.774013,-0.371802
23,3.0,0.815967,-0.20645
23,3.2,0.82407,-0.039433
23,3.4,0.799331,0.122592
23,3.6,0.744014,0.273426
23,3.8,0.6615,0.407554
23,4.0,0.556114,0.520337
24,0.0,0.280262,-1.890873
24,0.2,0.637452,-1.761913
24,0.4,0.955478,-1.568468
24,0.6,1.223324,-1.320704
24,0.8,1.432384,-1.030527
24,1.0,1.576714,-0.711055
24,1.2,1.653154,-0.376045
24,1.4,1.66135,-0.039328
24,1.6,1.603653,0.285739
24,1.8,1.484925,0.586783
24,2.0,1.312244,0.852863
24,2.2,1.094541,1.07485
24,2.4,0.842175,1.24571
24,2.6,0.566464,1.360705
24,2.8,0.279205,1.417486
24,3.0,-0.007809,1.416094
24,3.2,-0.283263,1.358866
24,3.4,-0.536736,1.25025
24,3.6,-0.759086,1.096546
24,3.8,-0.942759,0.90559
24,4.0,-1.08202,0.686379
25,0.0,2.817508,1.650797
25,0.2,2.385206,2.134519
25,0.4,1.875714,2.515028
25,0.6,1.312167,2.781354
25,0.8,0.718926,2.927461
25,1.0,0.120571,2.952298
25,1.2,-0.459082,2.859637
25,1.4,-0.997888,2.657745
25,1.6,-1.476183,2.358871
25,1.8,-1.877462,1.978614
25,2.0,-2.188907,1.535174
25,2.2,-2.401748,1.04853
25,2.4,-2.51145,0.539582
25,2.6,-2.517727,0.029294
25,2.8,-2.424387,-0.462143
25,3.0,-2.239021,-0.916072
25,3.2,-1.972551,-1.316046
25,3.4,-1.638676,-1.648396
25,3.6,-1.253215,-1.902654
25,3.8,-0.833406,-2.071849
25,4.0,-0.397163,-2.152637
26,0.0,2.636994,2.368964
26,0.2,2.071942,2.789282
26,0.4,1.447269,3.083031
26,0.6,0.789968,3.24358
26,0.8,0.127259,3.269815
26,1.0,-0.514488,3.165966
26,1.2,-1.110767,2.941233
26,1.4,-1.639827,2.609226
26,1.6,-2.083421,2.187254
26,1.8,-2.427392,1.6955
26,2.0,-2.662072,1.156107
26,2.2,-2.782482,0.592234
26,2.4,-2.78835,0.027095
26,2.6,-2.683937,-0.516955
26,2.8,-2.477686,-1.019269
26,3.0,-2.181732,-1.46166
26,3.2,-1.811272,-1.829016
26,3.4,-1.383849,-2.109779
26,3.6,-0.918566,-2.296264
26,3.8,-0.435273,-2.384808
26,4.0,0.046251,-2.375755
27,0.0,0.5874,2.531245
27,0.2,0.071375,2.546056
27,0.4,-0.427234,2.459796
27,0.6,-0.889431,2.279835
27,0.8,-1.298401,2.016948
27,1.0,-1.64009,1.684762
27,1.2,-1.90365,1.299106
27,1.4,-2.081742,0.877297
27,1.6,-2.170688,0.437402
27,1.8,-2.170472,-0.00251
27,2.0,-2.0846,-0.425074
27,2.2,-1.919819,-0.814293
27,2.4,-1.685726,-1.156112
27,2.6,-1.394279,-1.438898
27,2.8,-1.059228,-1.653806
27,3.0,-0.695509,-1.795014
27,3.2,-0.3186,-1.85984
27,3.4,0.056106,-1.848718
27,3.6,0.413905,-1.765066
27,3.8,0.741339,-1.61503
27,4.0,1.026676,-1.407134
28,0.0,-2.469045,-1.824103
28,0.2,-2.016703,-2.23315
28,0.4,-1.5025,-2.538019
28,0.6,-0.949158,-2.730764
28,0.8,-0.380049,-2.808171
28,1.0,0.181745,-2.77171
28,1.2,0.714339,-2.627283
28,1.4,1.197857,-2.384823
28,1.6,1.615139,-2.057745
28,1.8,1.952312,-1.662276
28,2.0,2.199211,-1.216704
28,2.2,2.34963,-0.740581
28,2.4,2.401414,-0.253897
28,2.6,2.356388,0.223725
28,2.8,2.220124,0.673791
28,3.0,2.001578,1.079616
28,3.2,1.712601,1.426919
28,3.4,1.367362,1.704286
28,3.6,0.981691,1.903512
28,3.8,0.572395,2.019798
28,4.0,0.156557,2.051807
29,0.0,-2.728636,-1.048018
29,0.2,-2.417212,-1.538146
29,0.4,-2.022594,-1.948349
29,0.6,-1.56362,-2.265569
29,0.8,-1.060928,-2.480933
29,1.0,-0.536073,-2.589934
29,1.2,-0.010639,-2.592441
29,1.4,0.494614,-2.492529
29,1.6,0.960534,-2.298159
29,1.8,1.370276,-2.020705
29,2.0,1.709869,-1.674375
29,2.2,1.968661,-1.275539
29,2.4,2.139606,-0.841998
29,2.6,2.219402,-0.392223
29,2.8,2.208472,0.055398
29,3.0,2.110806,0.483281
29,3.2,1.933659,0.875313
29,3.4,1.687139,1.217427
29,3.6,1.383696,1.498077
29,3.8,1.037538,1.708596
29,4.0,0.664003,1.843425
30,0.0,-0.667936,-1.371906
30,0.2,-0.374505,-1.448006
30,0.4,-0.077798,-1.463972
30,0.6,0.210346,-1.421531
30,0.8,0.478891,-1.324649
30,1.0,0.718005,-1.179283
30,1.2,0.919405,-0.993072
30,1.4,1.076621,-0.774968
30,1.6,1.18518,-0.534828
30,1.8,1.242705,-0.282995
30,2.0,1.248927,-0.029866
30,2.2,1.205612,0.214516
30,2.4,1.116411,0.44085
30,2.6,0.986645,0.640909
30,2.8,0.823026,0.807829
30,3.0,0.633338,0.936321
30,3.2,0.426091,1.022819
30,3.4,0.210152,1.065557
30,3.6,-0.005614,1.064563
30,3.8,-0.212699,1.021591
30,4.0,-0.403269,0.939983
31,0.0,1.972425,-0.85948
31,0.2,2.062202,-0.441573
31,0.4,2.067066,-0.022623
31,0.6,1.990156,0.380793
31,0.8,1.837713,0.753362
31,1.0,1.618715,1.08159
31,1.2,1.344416,1.354259
31,1.4,1.02781,1.562786
31,1.6,0.683051,1.701457
31,1.8,0.324851,1.767536
31,2.0,-0.032126,1.761263
31,2.2,-0.373839,1.685721
31,2.4,-0.687398,1.546608
31,2.6,-0.961533,1.351908
31,2.8,-1.186968,1.111483
31,3.0,-1.356717,0.836617
31,3.2,-1.466263,0.539508
31,3.4,-1.513642,0.232755
31,3.6,-1.499422,-0.071158
31,3.8,-1.42658,-0.360346
31,4.0,-1.300289,-0.623972
32,0.0,-1.314393,0.256176
32,0.2,-1.312573,-0.009857
32,0.4,-1.259018,-0.26507
32,0.6,-1.157872,-0.499815
32,0.8,-1.014992,-0.705629
32,1.0,-0.837655,-0.875523
32,1.2,-0.634209,-1.004201
32,1.4,-0.413709,-1.088198
32,1.6,-0.185526,-1.125953
32,1.8,0.041032,-1.117787
32,2.0,0.257088,-1.065825
32,2.2,0.454526,-0.973833
32,2.4,0.626283,-0.847012
32,2.6,0.766587,-0.691734
32,2.8,0.871134,-0.515242
32,3.0,0.9372,-0.325335
32,3.2,0.963685,-0.130033
32,3.4,0.951097,0.062744
32,3.6,0.901463,0.245486
32,3.8,0.818197,0.411373
32,4.0,0.705902,0.55452
33,0.0,-2.154455,1.813182
33,0.2,-2.422788,1.32231
33,0.4,-2.584976,0.798495
33,0.6,-2.63878,0.263703
33,0.8,-2.586326,-0.260528
33,1.0,-2.43385,-0.753922
33,1.2,-2.191292,-1.198215
33,1.4,-1.871757,-1.577796
33,1.6,-1.490876,-1.880221
33,1.8,-1.066085,-2.096578
33,2.0,-0.615874,-2.221703
33,2.2,-0.159007,-2.254236
33,2.4,0.286222,-2.196521
33,2.6,0.702698,-2.054376
33,2.8,1.07511,-1.836721
33,3.0,1.390486,-1.555108
33,3.2,1.638617,-1.223158
33,3.4,1.812346,-0.855948
33,3.6,1.907732,-0.469352
33,3.8,1.924083,-0.07939
33,4.0,1.863852,0.298416
34,0.0,-2.552696,2.921322
34,0.2,-3.021154,2.309306
34,0.4,-3.352005,1.630143
34,0.6,-3.537584,0.913269
34,0.8,-3.576264,0.188458
34,1.0,-3.472277,-0.515373
34,1.2,-3.235322,-1.171266
34,1.4,-2.879965,-1.755214
34,1.6,-2.424873,-2.246991
34,1.8,-1.891918,-2.6308
34,2.0,-1.305189,-2.895727
34,2.2,-0.689951,-3.035976
34,2.4,-0.071604,-3.050901
34,2.6,0.525324,-2.944827
34,2.8,1.078114,-2.726683
34,3.0,1.566678,-2.409475
34,3.2,1.974251,-2.009605
34,3.4,2.287923,-1.546098
34,3.6,2.498996,-1.039742
34,3.8,2.603161,-0.512203
34,4.0,2.600499,0.014868
35,0.0,1.633469,-1.807706
35,0.2,1.92123,-1.418503
35,0.4,2.121881,-0.988574
35,0.6,2.230917,-0.536484
35,0.8,2.247627,-0.080946
35,1.0,2.174971,0.359925
35,1.2,2.019321,0.769305
35,1.4,1.790075,1.13227
35,1.6,1.499165,1.436315
35,1.8,1.160492,1.67175
35,2.0,0.789295,1.831971
35,2.2,0.4015,1.913606
35,2.4,0.013063,1.916512
35,2.6,-0.360659,1.843663
35,2.8,-0.705494,1.700904
35,3.0,-1.008963,1.496609
35,3.2,-1.260711,1.241256
35,3.4,-1.45283,0.946925
35,3.6,-1.580075,0.62676
35,3.8,-1.639968,0.294412
35,4.0,-1.632785,-0.036526
36,0.0,-2.966867,1.892769
36,0.2,-3.218739,1.240562
36,0.4,-3.333697,0.564965
36,0.6,-3.312571,-0.106441
36,0.8,-3.161532,-0.747321
36,1.0,-2.891633,-1.333577
36,1.2,-2.518189,-1.844212
36,1.4,-2.059997,-2.262038
36,1.6,-1.538466,-2.574202
36,1.8,-0.976663,-2.772527
36,2.0,-0.39834,-2.853648
36,2.2,0.17303,-2.818959
36,2.4,0.715168,-2.67437
36,2.6,1.207822,-2.429897
36,2.8,1.63349,-2.099105
36,3.0,1.977996,-1.698435
36,3.2,2.230925,-1.24644
36,3.4,2.385887,-0.762971
36,3.6,2.440605,-0.268346
36,3.8,2.396851,0.217477
36,4.0,2.260212,0.675668
37,0.0,1.241144,1.374043
37,0.2,0.924748,1.561682
37,0.4,0.584258,1.680326
37,0.6,0.234059,1.727999
37,0.8,-0.111647,1.705601
37,1.0,-0.439392,1.616763
37,1.2,-0.736944,1.467598
37,1.4,-0.993743,1.266357
37,1.6,-1.201253,1.023026
37,1.8,-1.353214,0.748858
37,2.0,-1.445808,0.455883
37,2.2,-1.477707,0.156403
37,2.4,-1.450033,-0.137508
37,2.6,-1.366213,-0.414468
37,2.8,-1.231757,-0.66421
37,3.0,-1.053958,-0.877945
37,3.2,-0.841532,-1.048648
37,3.4,-0.60422,-1.17127
37,3.6,-0.352366,-1.242856
37,3.8,-0.096479,-1.262581
37,4.0,0.153182,-1.2317
38,0.0,1.627622,-2.555732
38,0.2,2.061279,-2.138241
38,0.4,2.396577,-1.652726
38,0.6,2.62414,-1.121018
38,0.8,2.739209,-0.565911
38,1.0,2.741654,-0.010235
38,1.2,2.635794,0.524059
38,1.4,2.430054,1.016719
38,1.6,2.13647,1.449934
38,1.8,1.770074,1.808937
38,2.0,1.348181,2.082468
38,2.2,0.88962,2.263082
38,2.4,0.413927,2.347294
38,2.6,-0.059452,2.33556
38,2.8,-0.511924,2.232105
38,3.0,-0.92645,2.044608
38,3.2,-1.288158,1.783766
38,3.4,-1.584841,1.462748
38,3.6,-1.807341,1.096584
38,3.8,-1.949784,0.701497
38,4.0,-2.009687,0.294214
39,0.0,-0.849206,-2.304786
39,0.2,-0.366981,-2.379487
39,0.4,0.11082,-2.357344
39,0.6,0.565514,-2.243029
39,0.8,0.980059,-2.044667
39,1.0,1.339669,-1.773383
39,1.2,1.632305,-1.442743
39,1.4,1.849042,-1.068123
39,1.6,1.984302,-0.666035
39,1.8,2.035941,-0.253425
39,2.0,2.0052,0.153009
39,2.2,1.896522,0.537469
39,2.4,1.717253,0.885641
39,2.6,1.477235,1.185207
39,2.8,1.188323,1.426249
39,3.0,0.863838,1.601548
39,3.2,0.517982,1.706763
39,3.4,0.165242,1.74049
39,3.6,-0.18019,1.704199
39,3.8,-0.504965,1.602069
39,4.0,-0.797076,1.440713
40,0.0,2.178621,0.739789
40,0.2,1.948855,1.134936
40,0.4,1.65118,1.469796
40,0.6,1.300007,1.733515
40,0.8,0.911294,1.918475
40,1.0,0.501854,2.020464
40,1.2,0.088661,2.03871
40,1.4,-0.311831,1.975775
40,1.6,-0.684313,1.837326
40,1.8,-1.015181,1.63179
40,2.0,-1.293009,1.369908
40,2.2,-1.50891,1.064227
40,2.4,-1.656792,0.728527
40,2.6,-1.733484,0.377235
40,2.8,-1.738751,0.024829
40,3.0,-1.675186,-0.31474
40,3.2,-1.547996,-0.628573
40,3.4,-1.364696,-0.905292
40,3.6,-1.13472,-1.13543
40,3.8,-0.868976,-1.311731
40,4.0,-0.579354,-1.429348
41,0.0,-1.014612,-2.61865
41,0.2,-0.464761,-2.713214
41,0.4,0.081875,-2.696984
41,0.6,0.603846,-2.574945
41,0.8,1.081518,-2.356061
41,1.0,1.497776,-2.052769
41,1.2,1.838598,-1.68035
41,1.4,2.093489,-1.256211
41,1.6,2.25576,-0.799122
41,1.8,2.322637,-0.328415
41,2.0,2.295221,0.136799
41,2.2,2.17829,0.578373
41,2.4,1.979971,0.979806
41,2.6,1.711281,1.326827
41,2.8,1.385584,1.607875
41,3.0,1.017971,1.814442
41,3.2,0.624594,1.941297
41,3.4,0.221988,1.986558
41,3.6,-0.173593,1.951638
41,3.8,-0.546813,1.841059
41,4.0,-0.883817,1.662152
42,0.0,-1.134106,-1.0489
42,0.2,-0.885236,-1.228486
42,0.4,-0.611186,-1.352544
42,0.6,-0.323757,-1.418354
42,0.8,-0.034821,-1.425604
42,1.0,0.244161,-1.376304
42,1.2,0.502568,-1.274616
42,1.4,0.731008,-1.126607
42,1.6,0.921639,-0.939937
42,1.8,1.068419,-0.723487
42,2.0,1.167276,-0.48697
42,2.2,1.216186,-0.240506
42,2.4,1.215177,0.005787
42,2.6,1.166247,0.242195
42,2.8,1.073205,0.459774
42,3.0,0.941453,0.650675
42,3.2,0.77771,0.808411
42,3.4,0.589691,0.928055
42,3.6,0.385771,1.006379
42,3.8,0.17462,1.041912
42,4.0,-0.035144,1.034928
43,0.0,1.377637,0.825345
43,0.2,1.162721,1.061148
43,0.4,0.91034,1.245824
43,0.6,0.631925,1.374089
43,0.8,0.339486,1.443091
43,1.0,0.045113,1.45243
43,1.2,-0.239497,1.404079
43,1.4,-0.503497,1.302206
43,1.6,-0.737272,1.152932
43,1.8,-0.932783,0.964006
43,2.0,-1.083812,0.744439
43,2.2,-1.186144,0.5041
43,2.4,-1.237647,0.253288
43,2.6,-1.238283,0.002313
43,2.8,-1.190021,-0.238913
43,3.0,-1.096683,-0.461251
43,3.2,-0.963721,-0.656666
43,3.4,-0.797934,-0.818502
43,3.6,-0.607155,-0.941687
43,3.8,-0.399893,-1.022876
43,4.0,-0.184974,-1.06051
44,0.0,2.323276,-0.16671
44,0.2,2.264346,0.292266
44,0.4,2.118356,0.721712
44,0.6,1.894481,1.105835
44,0.8,1.604612,1.431251
44,1.0,1.262777,1.687418
44,1.2,0.884505,1.866942
44,1.4,0.486154,1.965741
44,1.6,0.084235,1.983082
44,1.8,-0.305251,1.921474
44,2.0,-0.667417,1.786443
44,2.2,-0.989041,1.586199
44,2.4,-1.259019,1.331201
44,2.6,-1.46872,1.03366
44,2.8,-1.61223,0.706989
44,3.0,-1.686481,0.365223
44,3.2,-1.691258,0.022442
44,3.4,-1.629097,-0.307785
44,3.6,-1.505074,-0.612916
44,3.8,-1.326512,-0.881892
44,4.0,-1.102595,-1.105516
45,0.0,-2.282435,1.279469
45,0.2,-2.441801,0.784671
45,0.4,-2.498546,0.278303
45,0.6,-2.454451,-0.219194
45,0.8,-2.315212,-0.688534
45,1.0,-2.090054,-1.112296
45,1.2,-1.791233,-1.475543
45,1.4,-1.433432,-1.766309
45,1.6,-1.033083,-1.975962
45,1.8,-0.607658,-2.099405
45,2.0,-0.17493,-2.135149
45,2.2,0.247735,-2.08522
45,2.4,0.644051,-1.954948
45,2.6,0.999408,-1.752625
45,2.8,1.301387,-1.489061
45,3.0,1.540161,-1.17706
45,3.2,1.708786,-0.830836
45,3.4,1.803356,-0.465395
45,3.6,1.823042,-0.095914
45,3.8,1.770003,0.262866
45,4.0,1.649185,0.597203
46,0.0,1.56471,0.367663
46,0.2,1.431561,0.657901
46,0.4,1.24713,0.910792
46,0.6,1.020708,1.11782
46,0.8,0.762878,1.272612
46,1.0,0.485048,1.371107
46,1.2,0.198967,1.411624
46,1.4,-0.08375,1.394838
46,1.6,-0.352076,1.323658
46,1.8,-0.595986,1.203026
46,2.0,-0.80681,1.039643
46,2.2,-0.977524,0.841632
46,2.4,-1.102963,0.618167
46,2.6,-1.179952,0.379066
46,2.8,-1.207351,0.134378
46,3.0,-1.186023,-0.106019
46,3.2,-1.118721,-0.332806
46,3.4,-1.009904,-0.537566
46,3.6,-0.865493,-0.713081
46,3.8,-0.692586,-0.853569
46,4.0,-0.499122,-0.95486
47,0.0,1.625803,-0.037226
47,0.2,1.569095,0.280836
47,0.4,1.452681,0.575343
47,0.6,1.283497,0.835595
47,0.8,1.070288,1.052663
47,1.0,0.823196,1.219673
47,1.2,0.553302,1.331996
47,1.4,0.272152,1.387343
47,1.6,-0.008716,1.385764
47,1.8,-0.278227,1.329552
47,2.0,-0.52619,1.22307
47,2.2,-0.743662,1.072489
47,2.4,-0.923257,0.885483
47,2.6,-1.05937,0.670861
47,2.8,-1.148334,0.438176
47,3.0,-1.188488,0.19732
47,3.2,-1.180159,-0.04188
47,3.4,-1.125578,-0.270049
47,3.6,-1.028712,-0.478613
47,3.8,-0.895042,-0.660109
47,4.0,-0.731287,-0.808435
48,0.0,0.136397,-0.434754
48,0.2,0.215692,-0.39109
48,0.4,0.283365,-0.333703
48,0.6,0.337201,-0.265395
48,0.8,0.375617,-0.18929
48,1.0,0.397702,-0.108699
48,1.2,0.403224,-0.026977
48,1.4,0.392615,0.052605
48,1.6,0.366926,0.126991
48,1.8,0.327763,0.193448
48,2.0,0.277198,0.249664
48,2.2,0.217676,0.293823
48,2.4,0.151896,0.324653
48,2.6,0.0827,0.34146
48,2.8,0.012953,0.344132
48,3.0,-0.054571,0.333117
48,3.2,-0.117293,0.309386
48,3.4,-0.172926,0.274374
48,3.6,-0.219553,0.229906
48,3.8,-0.255687,0.178108
48,4.0,-0.280312,0.12131
49,0.0,-2.847485,-2.352651
49,0.2,-2.27733,-2.814601
49,0.4,-1.639647,-3.14735
49,0.6,-0.962252,-3.342831
49,0.8,-0.273439,-3.39871
49,1.0,0.399159,-3.318257
49,1.2,1.029631,-3.109992
49,1.4,1.594745,-2.787146
49,1.6,2.074759,-2.366954
49,1.8,2.454065,-1.869817
49,2.0,2.721641,-1.318373
49,2.2,2.871306,-0.736517
49,2.4,2.901777,-0.148405
49,2.6,2.816524,0.422505
49,2.8,2.62345,0.954355
49,3.0,2.334403,1.427684
49,3.2,1.964553,1.826106
49,3.4,1.531667,2.136833
49,3.6,1.055301,2.351039
49,3.8,0.555962,2.464055
49,4.0,0.054258,2.475386
50,0.0,-2.811425,0.818462
50,0.2,-2.860209,0.238788
50,0.4,-2.794192,-0.327583
50,0.6,-2.620481,-0.858818
50,0.8,-2.350155,-1.335327
50,1.0,-1.99767,-1.74045
50,1.2,-1.580161,-2.060996
50,1.4,-1.116656,-2.287629
50,1.6,-0.627251,-2.415086
50,1.8,-0.132279,-2.442226
50,2.0,0.348507,-2.371912
50,2.2,0.796687,-2.210738
50,2.4,1.19585,-1.968629
50,2.6,1.532164,-1.658314
50,2.8,1.794819,-1.294716
50,3.0,1.976338,-0.894272
50,3.2,2.072736,-0.474235
50,3.4,2.083546,-0.051949
50,3.6,2.011698,0.35583
50,3.8,1.863269,0.733576
50,4.0,1.647119,1.067559
51,0.0,-1.113864,0.051424
51,0.2,-1.08006,-0.167505
51,0.4,-1.004953,-0.371239
51,0.6,-0.893127,-0.552333
51,0.8,-0.750435,-0.704526
51,1.0,-0.58372,-0.822945
51,1.2,-0.400502,-0.904241
51,1.4,-0.208661,-0.946661
51,1.6,-0.016107,-0.950054
51,1.8,0.169534,-0.915816
51,2.0,0.341204,-0.846776
51,2.2,0.492677,-0.747021
51,2.4,0.618765,-0.621694
51,2.6,0.715488,-0.476743
51,2.8,0.780179,-0.318659
51,3.0,0.811542,-0.154197
51,3.2,0.809644,0.009903
51,3.4,0.775865,0.167178
51,3.6,0.712789,0.311688
51,3.8,0.624053,0.43823
51,4.0,0.514165,0.542514
52,0.0,2.445399,-1.504247
52,0.2,2.642127,-0.968872
52,0.4,2.72686,-0.416248
52,0.6,2.700647,0.131136
52,0.8,2.56887,0.651883
52,1.0,2.340871,1.126483
52,1.2,2.029421,1.538013
52,1.4,1.650084,1.872705
52,1.6,1.220494,2.120362
52,1.8,0.759577,2.27462
52,2.0,0.286753,2.333054
52,2.2,-0.178851,2.297115
52,2.4,-0.619139,2.171922
52,2.6,-1.017728,1.965914
52,2.8,-1.36052,1.690393
52,3.0,-1.636175,1.358957
52,3.2,-1.836444,0.98688
52,3.4,-1.956378,0.590441
52,3.6,-1.994396,0.186242
52,3.8,-1.952206,-0.209459
52,4.0,-1.83462,-0.581378
53,0.0,-0.537702,1.533307
53,0.2,-0.815136,1.36828
53,0.4,-1.049519,1.15572
53,0.6,-1.233289,0.90588
53,0.8,-1.361178,0.630081
53,1.0,-1.430328,0.340229
53,1.2,-1.440315,0.048312
53,1.4,-1.393063,-0.234065
53,1.6,-1.292681,-0.496133
53,1.8,-1.145215,-0.728343
53,2.0,-0.958332,-0.922703
53,2.2,-0.740951,-1.073024
53,2.4,-0.50285,-1.1751
53,2.6,-0.254238,-1.226795
53,2.8,-0.005339,-1.228043
53,3.0,0.234012,-1.180773
53,3.2,0.454741,-1.088753
53,3.4,0.648869,-0.95737
53,3.6,0.809775,-0.793352
53,3.8,0.932411,-0.604453
53,4.0,1.013438,-0.399103
54,0.0,-1.627211,-2.538121
54,0.2,-1.068943,-2.755146
54,0.4,-0.490374,-2.854921
54,0.6,0.084864,-2.838104
54,0.8,0.634199,-2.709931
54,1.0,1.136963,-2.479827
54,1.2,1.575141,-2.160869
54,1.4,1.93397,-1.769131
54,1.6,2.202398,-1.322928
54,1.8,2.373377,-0.842006
54,2.0,2.443978,-0.346708
54,2.2,2.41535,0.142854
54,2.4,2.292515,0.607583
54,2.6,2.084014,1.03011
54,2.8,1.801435,1.395413
54,3.0,1.458836,1.691319
54,3.2,1.072092,1.908868
54,3.4,0.658197,2.042548
54,3.6,0.234553,2.090369
54,3.8,-0.181738,2.053812
54,4.0,-0.574534,1.937628
55,0.0,-1.261491,-2.032672
55,0.2,-0.816037,-2.198364
55,0.4,-0.355841,-2.270793
55,0.6,0.100355,-2.250757
55,0.8,0.534704,-2.142672
55,1.0,0.930919,-1.954258
55,1.2,1.274856,-1.696099
55,1.4,1.554992,-1.38112
55,1.6,1.76277,-1.023981
55,1.8,1.892828,-0.640429
55,2.0,1.94308,-0.246639
55,2.2,1.91467,0.141445
55,2.4,1.811806,0.508731
55,2.6,1.641465,0.841536
55,2.8,1.413017,1.128079
55,3.0,1.137757,1.358863
55,3.2,0.828383,1.526966
55,3.4,0.498445,1.628211
55,3.6,0.16177,1.661223
55,3.8,-0.168088,1.627375
55,4.0,-0.47838,1.530623
56,0.0,2.578186,1.848722
56,0.2,2.116756,2.278054
56,0.4,1.589873,2.600641
56,0.6,1.020899,2.807936
56,0.8,0.43394,2.896278
56,1.0,-0.147132,2.866845
56,1.2,-0.699613,2.725416
56,1.4,-1.20282,2.481964
56,1.6,-1.638823,2.150098
56,1.8,-1.993049,1.746383
56,2.0,-2.254724,1.28957
56,2.2,-2.417148,0.799771
56,2.4,-2.477802,0.29761
56,2.6,-2.438284,-0.196607
56,2.8,-2.304079,-0.663687
56,3.0,-2.084198,-1.086259
56,3.2,-1.790677,-1.449389
56,3.4,-1.43799,-1.741076
56,3.6,-1.042377,-1.952609
56,3.8,-0.621133,-2.078781
56,4.0,-0.191891,-2.11796
57,0.0,0.800423,2.228764
57,0.2,0.334921,2.296956
57,0.4,-0.125548,2.271817
57,0.6,-0.563007,2.157998
57,0.8,-0.961092,1.96347
57,1.0,-1.305637,1.699073
57,1.2,-1.58514,1.377983
57,1.4,-1.791122,1.015096
57,1.6,-1.918334,0.626373
57,1.8,-1.964845,0.228169
57,2.0,-1.931983,-0.163427
57,2.2,-1.824156,-0.533219
57,2.4,-1.648561,-0.867467
57,2.6,-1.414784,-1.154371
57,2.8,-1.134334,-1.384465
57,3.0,-0.82011,-1.550894
57,3.2,-0.485838,-1.649587
57,3.4,-0.145496,-1.679303
57,3.6,0.187243,-1.641574
57,3.8,0.499546,-1.540535
57,4.0,0.779887,-1.382654
58,0.0,1.822032,-1.88058
58,0.2,2.116567,-1.45179
58,0.4,2.316016,-0.982513
58,0.6,2.416235,-0.492857
58,0.8,2.417159,-0.002948
58,1.0,2.322645,0.467868
58,1.2,2.140166,0.901759
58,1.4,1.880372,1.283046
58,1.6,1.55655,1.598743
58,1.8,1.183989,1.838963
58,2.0,0.779306,1.997182
58,2.2,0.359731,2.070372
58,2.4,-0.05759,2.058978
58,2.6,-0.456276,1.966766
58,2.8,-0.821321,1.800544
58,3.0,-1.139637,1.569775
58,3.2,-1.400492,1.286097
58,3.4,-1.595844,0.962782
58,3.6,-1.720551,0.614144
58,3.8,-1.772461,0.254936
58,4.0,-1.752379,-0.10025
59,0.0,2.355354,0.236053
59,0.2,2.21673,0.685433
59,0.4,1.99605,1.090139
59,0.6,1.705242,1.435952
59,0.8,1.358533,1.71153
59,1.0,0.971799,1.908752
59,1.2,0.561872,2.022906
59,1.4,0.145842,2.052743
59,1.6,-0.259632,2.000391
59,1.8,-0.638961,1.871139
59,2.0,-0.978197,1.673104
59,2.2,-1.265525,1.416799
59,2.4,-1.491639,1.114625
59,2.6,-1.650014,0.780305
59,2.8,-1.737056,0.428297
59,3.0,-1.752126,0.073186
59,3.2,-1.697452,-0.27089
59,3.4,-1.577925,-0.590783
59,3.6,-1.400806,-0.874817
59,3.8,-1.175345,-1.113186
59,4.0,-0.912334,-1.298273
60,0.0,1.844641,2.376548
60,0.2,1.309283,2.64227
60,0.4,0.74324,2.793287
60,0.6,0.170056,2.828137
60,0.8,-0.387365,2.749997
60,1.0,-0.907642,2.566383
60,1.2,-1.371696,2.288677
60,1.4,-1.763417,1.931529
60,1.6,-2.070179,1.51215
60,1.8,-2.283206,1.049532
60,2.0,-2.397767,0.563629
60,2.2,-2.413199,0.074532
60,2.4,-2.332781,-0.39833
60,2.6,-2.163444,-0.83693
60,2.8,-1.915359,-1.2253
60,3.0,-1.601405,-1.550082
60,3.2,-1.236556,-1.80095
60,3.4,-0.837207,-1.970902
60,3.6,-0.420472,-2.056401
60,3.8,-0.003482,-2.057385
60,4.0,0.397296,-1.977128
61,0.0,-1.091979,-2.339688
61,0.2,-0.593407,-2.460293
61,0.4,-0.090963,-2.479064
61,0.6,0.395371,-2.399255
61,0.8,0.847032,-2.227879
61,1.0,1.247552,-1.975292
61,1.2,1.58313,-1.654647
61,1.4,1.843066,-1.281268
61,1.6,2.020068,-0.871959
61,1.8,2.1104,-0.444283
61,2.0,2.113897,-0.015841
61,2.2,2.033824,0.396428
61,2.4,1.876618,0.776886
61,2.6,1.651509,1.111764
61,2.8,1.370044,1.389632
61,3.0,1.045541,1.601758
61,3.2,0.692495,1.742349
61,3.4,0.325961,1.808659
61,3.6,-0.039068,1.800984
61,3.8,-0.388242,1.722528
61,4.0,-0.708402,1.579162
62,0.0,-1.632389,-0.437353
62,0.2,-1.483006,-0.738028
62,0.4,-1.280948,-0.997786
62,0.6,-1.036255,-1.207977
62,0.8,-0.760257,-1.36225
62,1.0,-0.465075,-1.456708
62,1.2,-0.16311,-1.489969
62,1.4,0.133453,-1.463118
62,1.6,0.41312,-1.379573
62,1.8,0.665517,-1.244855
62,2.0,0.881751,-1.066285
62,2.2,1.054705,-0.852633
62,2.4,1.17925,-0.613706
62,2.6,1.252369,-0.359924
62,2.8,1.273192,-0.101888
62,3.0,1.242947,0.150053
62,3.2,1.164831,0.386193
62,3.4,1.043803,0.597832
62,3.6,0.886324,0.777577
62,3.8,0.700037,0.919585
62,4.0,0.493425,1.01973
63,0.0,1.908089,2.164383
63,0.2,1.41155,2.450807
63,0.4,0.878768,2.629271
63,0.6,0.332193,2.696965
63,0.8,-0.206064,2.655559
63,1.0,-0.715082,2.510965
63,1.2,-1.17592,2.272937
63,1.4,-1.572277,1.954532
63,1.6,-1.891038,1.571469
63,1.8,-2.122664,1.141402
63,2.0,-2.26143,0.683148
63,2.2,-2.3055,0.215899
63,2.4,-2.256847,-0.241551
63,2.6,-2.121028,-0.671532
63,2.8,-1.90682,-1.058149
63,3.0,-1.625751,-1.387844
63,3.2,-1.291537,-1.649835
63,3.4,-0.919453,-1.836438
63,3.6,-0.525667,-1.943243
63,3.8,-0.126575,-1.969163
63,4.0,0.261866,-1.916347
64,0.0,-2.958287,0.064484
64,0.2,-2.854469,-0.514129
64,0.4,-2.64206,-1.049764
64,0.6,-2.333702,-1.522964
64,0.8,-1.945325,-1.917501
64,1.0,-1.495398,-2.220889
64,1.2,-1.004091,-2.424725
64,1.4,-0.492417,-2.524869
64,1.6,0.01863,-2.521434
64,1.8,0.508904,-2.418617
64,2.0,0.959869,-2.224371
64,2.2,1.355267,-1.949949
64,2.4,1.681672,-1.609325
64,2.6,1.928907,-1.21854
64,2.8,2.090316,-0.794982
64,3.0,2.162895,-0.356655
64,3.2,2.147262,0.078563
64,3.4,2.047493,0.493615
64,3.6,1.870824,0.872911
64,3.8,1.627244,1.202884
64,4.0,1.328989,1.472442
65,0.0,-0.495534,-1.667353
65,0.2,-0.151352,-1.698259
65,0.4,0.18531,-1.660924
65,0.6,0.501457,-1.5595
65,0.8,0.785416,-1.400501
65,1.0,1.027243,-1.192461
65,1.2,1.219044,-0.945513
65,1.4,1.355211,-0.67093
65,1.6,1.432551,-0.380632
65,1.8,1.450318,-0.086693
65,2.0,1.410146,0.199142
65,2.2,1.315894,0.46591
65,2.4,1.1734,0.70383
65,2.6,0.990181,0.904642
65,2.8,0.775065,1.061876
65,3.0,0.537793,1.171034
65,3.2,0.288597,1.229693
65,3.4,0.037783,1.237518
65,3.6,-0.204689,1.196193
65,3.8,-0.429575,1.109277
65,4.0,-0.628689,0.981987
66,0.0,-2.280808,-0.974309
66,0.2,-2.001354,-1.38013
66,0.4,-1.653866,-1.715567
66,0.6,-1.254728,-1.970141
66,0.8,-0.821717,-2.136976
66,1.0,-0.373252,-2.212925
66,1.2,0.072361,-2.198556
66,1.4,0.497646,-2.097977
66,1.6,0.886615,-1.918537
66,1.8,1.225339,-1.670411
66,2.0,1.50242,-1.366085
66,2.2,1.709339,-1.019774
66,2.4,1.84068,-0.646793
66,2.6,1.894222,-0.262908
66,2.8,1.870903,0.116302
66,3.0,1.774656,0.476054
66,3.2,1.61214,0.802911
66,3.4,1.392367,1.085262
66,3.6,1.126257,1.313709
66,3.8,0.826129,1.481349
66,4.0,0.505162,1.58395
67,0.0,2.657458,-1.060782
67,0.2,2.759487,-0.501558
67,0.4,2.748602,0.055536
67,0.6,2.629661,0.588595
67,0.8,2.411595,1.077523
67,1.0,2.106897,1.504752
67,1.2,1.730989,1.855839
67,1.4,1.301501,2.119914
67,1.6,0.837485,2.289964
67,1.8,0.358607,2.362966
67,2.0,-0.115648,2.339843
67,2.2,-0.566743,2.225276
67,2.4,-0.977783,2.027373
67,2.6,-1.334115,1.757213
67,2.8,-1.62382,1.42829
67,3.0,-1.838076,1.055891
67,3.2,-1.971386,0.65642
67,3.4,-2.021661,0.246703
67,3.6,-1.990173,-0.156686
67,3.8,-1.88137,-0.538075
67,4.0,-1.702578,-0.883273
68,0.0,0.112744,1.218114
68,0.2,-0.128898,1.19215
68,0.4,-0.355979,1.120151
68,0.6,-0.560106,1.006765
68,0.8,-0.734122,0.858089
68,1.0,-0.872341,0.681375
68,1.2,-0.970711,0.484697
68,1.4,-1.026911,0.276601
68,1.6,-1.040377,0.065746
68,1.8,-1.012253,-0.139436
68,2.0,-0.945279,-0.33107
68,2.2,-0.843623,-0.502123
68,2.4,-0.712656,-0.646652
68,2.6,-0.558697,-0.759991
68,2.8,-0.388723,-0.838891
68,3.0,-0.210071,-0.881587
68,3.2,-0.030133,-0.887814
68,3.4,0.143939,-0.858757
68,3.6,0.305505,-0.796945
68,3.8,0.448678,-0.706102
68,4.0,0.568529,-0.590953
69,0.0,-0.818222,2.830692
69,0.2,-1.337264,2.560002
69,0.4,-1.783175,2.198885
69,0.6,-2.141223,1.765141
69,0.8,-2.400721,1.278736
69,1.0,-2.555292,0.760932
69,1.2,-2.602949,0.233398
69,1.4,-2.546003,-0.282664
69,1.6,-2.390803,-0.767335
69,1.8,-2.147326,-1.202717
69,2.0,-1.828645,-1.57356
69,2.2,-1.450284,-1.867755
69,2.4,-1.029518,-2.076699
69,2.6,-0.584616,-2.195485
69,2.8,-0.134085,-2.222962
69,3.0,0.304074,-2.161624
69,3.2,0.713052,-2.017376
69,3.4,1.077851,-1.79916
69,3.6,1.385806,-1.51849
69,3.8,1.626991,-1.188893
69,4.0,1.794504,-0.825294
70,0.0,2.774684,-1.489306
70,0.2,2.955549,-0.890396
70,0.4,3.012671,-0.279826
70,0.6,2.948648,0.317848
70,0.8,2.770756,0.879544
70,1.0,2.490482,1.384502
70,1.2,2.122902,1.815017
70,1.4,1.685946,2.157015
70,1.6,1.199581,2.400471
70,1.8,0.68494,2.539637
70,2.0,0.163444,2.573112
70,2.2,-0.344056,2.503717
70,2.4,-0.818078,2.338225
70,2.6,-1.241225,2.086936
70,2.8,-1.598793,1.763131
70,3.0,-1.879238,1.382434
70,3.2,-2.074517,0.962101
70,3.4,-2.180261,0.520276
70,3.6,-2.195808,0.07524
70,3.8,-2.124079,-0.355316
70,4.0,-1.971329,-0.754967
71,0.0,-0.016509,-1.19473
71,0.2,0.216794,-1.150946
71,0.4,0.432393,-1.063452
71,0.6,0.622472,-0.937416
71,0.8,0.780531,-0.779324
71,1.0,0.901586,-0.596671
71,1.2,0.98231,-0.39763
71,1.4,1.021099,-0.190699
71,1.6,1.018066,0.015644
71,1.8,0.97497,0.21328
71,2.0,0.895084,0.394749
71,2.2,0.783002,0.553522
71,2.4,0.64441,0.684224
71,2.6,0.485819,0.782795
71,2.8,0.314272,0.846606
71,3.0,0.137046,0.874501
71,3.2,-0.038639,0.866787
71,3.4,-0.205911,0.825164
71,3.6,-0.358498,0.752606
71,3.8,-0.490952,0.653188
71,4.0,-0.598836,0.531888
72,0.0,-1.290957,-2.778678
72,0.2,-0.699072,-2.920761
72,0.4,-0.102803,-2.941994
72,0.6,0.474145,-2.846279
72,0.8,1.009758,-2.641979
72,1.0,1.484516,-2.341414
72,1.2,1.882068,-1.960221
72,1.4,2.189749,-1.516608
72,1.6,2.398941,-1.03053
72,1.8,2.505249,-0.522837
72,2.0,2.508509,-0.014415
72,2.2,2.412635,0.474642
72,2.4,2.225297,0.92579
72,2.6,1.957474,1.322709
72,2.8,1.622895,1.651861
72,3.0,1.23738,1.90291
72,3.2,0.818144,2.069011
72,3.4,0.383054,2.146939
72,3.6,-0.050094,2.137074
72,3.8,-0.464283,2.04325
72,4.0,-0.843907,1.87246
73,0.0,0.657386,0.016074
73,0.2,0.628395,0.143457
73,0.4,0.575739,0.260183
73,0.6,0.502424,0.362063
73,0.8,0.412154,0.445658
73,1.0,0.309156,0.508387
73,1.2,0.197994,0.54859
73,1.4,0.083377,0.565566
73,1.6,-0.030037,0.559553
73,1.8,-0.137819,0.531692
73,2.0,-0.235936,0.483938
73,2.2,-0.320893,0.418956
73,2.4,-0.389854,0.339986
73,2.6,-0.440724,0.250694
73,2.8,-0.472205,0.155009
73,3.0,-0.483815,0.056957
73,3.2,-0.475873,-0.039498
73,3.4,-0.449462,-0.130613
73,3.6,-0.406346,-0.213
73,3.8,-0.348882,-0.28375
73,4.0,-0.279903,-0.340526
74,0.0,-2.691127,-1.328121
74,0.2,-2.326633,-1.799926
74,0.4,-1.884601,-2.182192
74,0.6,-1.385519,-2.463342
74,0.8,-0.85132,-2.636243
74,1.0,-0.304467,-2.698317
74,1.2,0.232962,-2.651459
74,1.4,0.740125,-2.501788
74,1.6,1.19819,-2.259245
74,1.8,1.591004,-1.937042
74,2.0,1.905623,-1.55102
74,2.2,2.132693,-1.118917
74,2.4,2.266686,-0.659595
74,2.6,2.305962,-0.192248
74,2.8,2.252686,0.264361
74,3.0,2.112588,0.692634
74,3.2,1.894603,1.076778
74,3.4,1.610388,1.403361
74,3.6,1.273757,1.66175
74,3.8,0.900051,1.844422
74,4.0,0.505474,1.947134
75,0.0,2.449595,-1.562629
75,0.2,2.657527,-1.02414
75,0.4,2.752417,-0.466343
75,0.6,2.734953,0.087989
75,0.8,2.61023,0.617113
75,1.0,2.387374,1.101135
75,1.2,2.079031,1.522719
75,1.4,1.700721,1.867673
75,1.6,1.270119,2.125388
75,1.8,0.806271,2.289112
75,2.0,0.328788,2.356069
75,2.2,-0.142951,2.32741
75,2.4,-0.590551,2.208016
75,2.6,-0.997293,2.006156
75,2.8,-1.348726,1.73303
75,3.0,-1.633147,1.402213
75,3.2,-1.841959,1.029024
75,3.4,-1.969884,0.629854
75,3.6,-2.015044,0.221475
75,3.8,-1.978904,-0.179634
75,4.0,-1.866076,-0.557925
76,0.0,-2.130631,-0.063283
76,0.2,-2.034491,-0.475698
76,0.4,-1.861823,-0.853168
76,0.6,-1.622441,-1.182164
76,0.8,-1.32841,-1.451602
76,1.0,-0.993478,-1.653183
76,1.2,-0.632466,-1.781612
76,1.4,-0.260647,-1.834688
76,1.6,0.106881,-1.81327
76,1.8,0.45578,-1.721125
76,2.0,0.77301,-1.564663
76,2.2,1.047293,-1.352581
76,2.4,1.269486,-1.09543
76,2.6,1.432862,-0.805126
76,2.8,1.53328,-0.494428
76,3.0,1.569244,-0.176397
76,3.2,1.541863,0.136126
76,3.4,1.4547,0.431023
76,3.6,1.313539,0.697345
76,3.8,1.126071,0.925702
76,4.0,0.901508,1.108569
77,0.0,2.913903,-1.547668
77,0.2,3.100656,-0.919352
77,0.4,3.157708,-0.279386
77,0.6,3.087894,0.346515
77,0.8,2.898942,0.934199
77,1.0,2.602983,1.461969
77,1.2,2.215891,1.911344
77,1.4,1.756519,2.267661
77,1.6,1.245831,2.520507
77,1.8,0.705996,2.663958
77,2.0,0.159462,2.696642
77,2.2,-0.371936,2.621613
77,2.4,-0.867819,2.446054
77,2.6,-1.310008,2.180836
77,2.8,-1.683155,1.839943
77,3.0,-1.97524,1.439796
77,3.2,-2.177912,0.998512
77,3.4,-2.286679,0.53512
77,3.6,-2.30093,0.068777
77,3.8,-2.223808,-0.381995
77,4.0,-2.061939,-0.800017
78,0.0,1.032813,1.569718
78,0.2,0.686508,1.70909
78,0.4,0.326685,1.775542
78,0.6,-0.031923,1.769311
78,0.8,-0.375211,1.693493
78,1.0,-0.690229,1.553807
78,1.2,-0.965654,1.358272
78,1.4,-1.192167,1.116794
78,1.6,-1.362746,0.840707
78,1.8,-1.472851,0.542263
78,2.0,-1.520507,0.234118
78,2.2,-1.506283,-0.071185
78,2.4,-1.433166,-0.361707
78,2.6,-1.306351,-0.626563
78,2.8,-1.132948,-0.856305
78,3.0,-0.921629,-1.043241
78,3.2,-0.682219,-1.181673
78,3.4,-0.425271,-1.268038
78,3.6,-0.161612,-1.30097
78,3.8,0.098087,-1.281262
78,4.0,0.343733,-1.211759
79,0.0,-1.574175,1.369298
79,0.2,-1.778896,1.008888
79,0.4,-1.905381,0.62279
79,0.6,-1.951703,0.227249
79,0.8,-1.919179,-0.161752
79,1.0,-1.812183,-0.529116
79,1.2,-1.637857,-0.861193
79,1.4,-1.405723,-1.14626
79,1.6,-1.127209,-1.374909
79,1.8,-0.815126,-1.540327
79,2.0,-0.483108,-1.638464
79,2.2,-0.14504,-1.668086
79,2.4,0.185497,-1.63071
79,2.6,0.495753,-1.530438
79,2.8,0.774278,-1.373693
79,3.0,1.011322,-1.168876
79,3.2,1.199157,-0.925956
79,3.4,1.332298,-0.656015
79,3.6,1.407635,-0.370766
79,3.8,1.424461,-0.082067
79,4.0,1.384406,0.198551
80,0.0,-0.793301,0.793835
80,0.2,-0.91668,0.608125
80,0.4,-0.999041,0.405694
80,0.6,-1.038742,0.195188
80,0.8,-1.035889,-0.014768
80,1.0,-0.992263,-0.215908
80,1.2,-0.911184,-0.400641
80,1.4,-0.797321,-0.562318
80,1.6,-0.656453,-0.695462
80,1.8,-0.4952,-0.795937
80,2.0,-0.320724,-0.861057
80,2.2,-0.140431,-0.88964
80,2.4,0.038336,-0.881989
80,2.6,0.20858,-0.839828
80,2.8,0.363917,-0.766173
80,3.0,0.4988,-0.665166
80,3.2,0.608708,-0.541866
80,3.4,0.690281,-0.402014
80,3.6,0.741412,-0.251779
80,3.8,0.761276,-0.097497
80,4.0,0.750314,0.054584
81,0.0,0.801178,0.214648
81,0.2,0.727862,0.36222
81,0.4,0.628693,0.48971
81,0.6,0.508598,0.592872
81,0.8,0.373139,0.66859
81,1.0,0.228263,0.714951
81,1.2,0.080059,0.731276
81,1.4,-0.065494,0.718099
81,1.6,-0.202755,0.677096
81,1.8,-0.326632,0.610977
81,2.0,-0.43276,0.523336
81,2.2,-0.517647,0.418476
81,2.4,-0.578775,0.301211
81,2.6,-0.614662,0.176655
81,2.8,-0.624883,0.05001
81,3.0,-0.610039,-0.073642
81,3.2,-0.5717,-0.18954
81,3.4,-0.512301,-0.293413
81,3.6,-0.43501,-0.381632
81,3.8,-0.343581,-0.45133
81,4.0,-0.242176,-0.500482
82,0.0,-2.458261,2.011815
82,0.2,-2.753324,1.453968
82,0.4,-2.928147,0.860608
82,0.6,-2.980547,0.256546
82,0.8,-2.913254,-0.333958
82,1.0,-2.733618,-0.888127
82,1.2,-2.453133,-1.385515
82,1.4,-2.086825,-1.808717
82,1.6,-1.652515,-2.143938
82,1.8,-1.170011,-2.381398
82,2.0,-0.660248,-2.515557
82,2.2,-0.144412,-2.54517
82,2.4,0.356897,-2.473168
82,2.6,0.824465,-2.306378
82,2.8,1.24116,-2.055097
82,3.0,1.59253,-1.732558
82,3.2,1.867268,-1.354283
82,3.4,2.057536,-0.937388
82,3.6,2.159135,-0.499843
82,3.8,2.171534,-0.059724
82,4.0,2.097739,0.365495
83,0.0,-1.07532,-1.880889
83,0.2,-0.666747,-2.016298
83,0.4,-0.247878,-2.066817
83,0.6,0.164351,-2.033781
83,0.8,0.55393,-1.92177
83,1.0,0.906371,-1.738302
83,1.2,1.209221,-1.493419
83,1.4,1.45247,-1.199195
83,1.6,1.628854,-0.869176
83,1.8,1.734035,-0.517792
83,2.0,1.766651,-0.159749
83,2.2,1.728262,0.190561
83,2.4,1.623166,0.519614
83,2.6,1.458127,0.815257
83,2.8,1.242008,1.067132
83,3.0,0.985344,1.267012
83,3.2,0.699852,1.409049
83,3.4,0.397933,1.489903
83,3.6,0.092145,1.508783
83,3.8,-0.20529,1.467373
83,4.0,-0.48296,1.369672
84,0.0,-2.755349,0.545358
84,0.2,-2.753157,-0.012654
84,0.4,-2.642387,-0.548286
84,0.6,-2.43167,-1.041278
84,0.8,-2.13324,-1.473842
84,1.0,-1.762315,-1.831275
84,1.2,-1.336378,-2.102416
84,1.4,-0.874397,-2.279947
84,1.6,-0.396018,-2.360531
84,1.8,0.079234,-2.344789
84,2.0,0.532725,-2.237118
84,2.2,0.947409,-2.045374
84,2.4,1.308441,-1.78042
84,2.6,1.603676,-1.455584
84,2.8,1.824039,-1.086034
84,3.0,1.963771,-0.68811
84,3.2,2.020517,-0.27863
84,3.4,1.995291,0.125792
84,3.6,1.892303,0.509393
84,3.8,1.718666,0.857848
84,4.0,1.484005,1.158783
85,0.0,1.065386,-2.900473
85,0.2,1.588293,-2.578906
85,0.4,2.02801,-2.168162
85,0.6,2.370444,-1.687949
85,0.8,2.605893,-1.159944
85,1.0,2.72926,-0.606859
85,1.2,2.740071,-0.051509
85,1.4,2.64231,0.4841
85,1.6,2.444095,0.979601
85,1.8,2.157187,1.417011
85,2.0,1.796387,1.781343
85,2.2,1.378834,2.061084
85,2.4,0.923231,2.248508
85,2.6,0.449053,2.339838
85,2.8,-0.024256,2.335238
85,3.0,-0.478049,2.238649
85,3.2,-0.895183,2.057492
85,3.4,-1.260629,1.802231
85,3.6,-1.561992,1.485848
85,3.8,-1.789888,1.123225
85,4.0,-1.938206,0.730488
86,0.0,0.072558,-1.641025
86,0.2,0.389266,-1.56234
86,0.4,0.678192,-1.425077
86,0.6,0.929022,-1.23695
86,0.8,1.133351,-1.007378
86,1.0,1.284936,-0.747049
86,1.2,1.379864,-0.467441
86,1.4,1.416608,-0.180348
86,1.6,1.396,0.102607
86,1.8,1.321102,0.370418
86,2.0,1.196999,0.613109
86,2.2,1.030518,0.822085
86,2.4,0.829892,0.990422
86,2.6,0.604377,1.113067
86,2.8,0.363851,1.186973
86,3.0,0.118395,1.211133
86,3.2,-0.122111,1.186544
86,3.4,-0.348366,1.116088
86,3.6,-0.552001,1.004344
86,3.8,-0.725865,0.857341
86,4.0,-0.864263,0.682265
87,0.0,0.871037,-1.953801
87,0.2,1.217241,-1.707322
87,0.4,1.501828,-1.403121
87,0.6,1.715983,-1.055468
87,0.8,1.854013,-0.679789
87,1.0,1.913456,-0.29201
87,1.2,1.895047,0.092091
87,1.4,1.802565,0.457496
87,1.6,1.642565,0.790518
87,1.8,1.424009,1.079282
87,2.0,1.157818,1.314126
87,2.2,0.856367,1.487896
87,2.4,0.532937,1.596127
87,2.6,0.201153,1.637118
87,2.8,-0.125561,1.611887
87,3.0,-0.434509,1.524026
87,3.2,-0.714195,1.37946
87,3.4,-0.954726,1.186117
87,3.6,-1.148144,0.95354
87,3.8,-1.288663,0.692447
87,4.0,-1.372811,0.414262
88,0.0,1.145626,-0.679588
88,0.2,1.232897,-0.429762
88,0.4,1.268086,-0.17277
88,0.6,1.251845,0.080964
88,0.8,1.186833,0.321555
88,1.0,1.077527,0.540021
88,1.2,0.929978,0.728607
88,1.4,0.75151,0.881043
88,1.6,0.550379,0.992727
88,1.8,0.335411,1.060852
88,2.0,0.115633,1.084435
88,2.2,-0.100091,1.064292
88,2.4,-0.303406,1.002933
88,2.6,-0.486775,0.904396
88,2.8,-0.643742,0.774027
88,3.0,-0.769147,0.61822
88,3.2,-0.859277,0.444122
88,3.4,-0.91196,0.259321
88,3.6,-0.926583,0.071531
88,3.8,-0.904062,-0.111719
88,4.0,-0.846742,-0.283375
89,0.0,2.62038,-2.174874
89,0.2,2.940818,-1.579043
89,0.4,3.132622,-0.944251
89,0.6,3.193266,-0.297081
89,0.8,3.125498,0.336441
89,1.0,2.937029,0.931843
89,1.2,2.64003,1.467122
89,1.4,2.250477,1.923509
89,1.6,1.787376,2.286083
89,1.8,1.271887,2.544213
89,2.0,0.72641,2.691805
89,2.2,0.173651,2.727369
89,2.4,-0.36429,2.653894
89,2.6,-0.86676,2.478554
89,2.8,-1.315319,2.212264
89,3.0,-1.694377,1.8691
89,3.2,-1.991698,1.465621
89,3.4,-2.198752,1.020116
89,3.6,-2.310907,0.551816
89,3.8,-2.327456,0.080099
89,4.0,-2.251495,-0.376285
90,0.0,-0.953602,-2.319159
90,0.2,-0.464472,-2.413624
90,0.4,0.023813,-2.409123
90,0.6,0.492012,-2.309715
90,0.8,0.922434,-2.123043
90,1.0,1.299574,-1.859896
90,1.2,1.610634,-1.533661
90,1.4,1.845928,-1.159685
90,1.6,1.99914,-0.754601
90,1.8,2.067443,-0.335617
90,2.0,2.051468,0.080185
90,2.2,1.955152,0.476519
90,2.4,1.785444,0.838506
90,2.6,1.551923,1.153206
90,2.8,1.266305,1.410051
90,3.0,0.941907,1.601172
90,3.2,0.593052,1.721605
90,3.4,0.234469,1.769366
90,3.6,-0.119309,1.74542
90,3.8,-0.454507,1.653524
90,4.0,-0.758623,1.49997
91,0.0,2.548162,2.264036
91,0.2,2.007038,2.671183
91,0.4,1.407916,2.956939
91,0.6,0.776716,3.114785
91,0.8,0.13961,3.143506
91,1.0,-0.478027,3.047031
91,1.2,-1.052579,2.834077
91,1.4,-1.563061,2.517617
91,1.6,-1.991836,2.114197
91,1.8,-2.325183,1.643151
91,2.0,-2.55369,1.125722
91,2.2,-2.672446,0.58415
91,2.4,-2.681069,0.040756
91,2.6,-2.583536,-0.48294
91,2.8,-2.387859,-0.967041
91,3.0,-2.105609,-1.393994
91,3.2,-1.75132,-1.749188
91,3.4,-1.341801,-2.021417
91,3.6,-0.895379,-2.203191
91,3.8,-0.431122,-2.29088
91,4.0,0.031948,-2.284714
92,0.0,-1.45235,0.959904
92,0.2,-1.582142,0.639322
92,0.4,-1.6444,0.306077
92,0.6,-1.639314,-0.026183
92,0.8,-1.569727,-0.344381
92,1.0,-1.440914,-0.636512
92,1.2,-1.26028,-0.892066
92,1.4,-1.036988,-1.102391
92,1.6,-0.781522,-1.260961
92,1.8,-0.505227,-1.363544
92,2.0,-0.219825,-1.408289
92,2.2,0.063063,-1.395696
92,2.4,0.33237,-1.328511
92,2.6,0.578,-1.211525
92,2.8,0.791186,-1.05131
92,3.0,0.964787,-0.855883
92,3.2,1.093502,-0.634337
92,3.4,1.174012,-0.396442
92,3.6,1.205028,-0.152228
92,3.8,1.187268,0.088419
92,4.0,1.123344,0.316141
93,0.0,1.903333,0.331205
93,0.2,1.763962,0.688818
93,0.4,1.560435,1.005222
93,0.6,1.303299,1.269546
93,0.8,1.004807,1.4734
93,1.0,0.678359,1.611107
93,1.2,0.337938,1.679827
93,1.4,-0.002474,1.679553
93,1.6,-0.329441,1.612999
93,1.8,-0.630586,1.485393
93,2.0,-0.895035,1.304164
93,2.2,-1.113789,1.078567
93,2.4,-1.280007,0.819246
93,2.6,-1.389187,0.537758
93,2.8,-1.439258,0.246083
93,3.0,-1.43056,-0.043869
93,3.2,-1.365741,-0.32072
93,3.4,-1.24956,-0.574059
93,3.6,-1.088615,-0.794806
93,3.8,-0.891016,-0.975529
93,4.0,-0.665996,-1.110663
94,0.0,0.177903,-1.548886
94,0.2,0.472524,-1.453311
94,0.4,0.736944,-1.304124
94,0.6,0.961909,-1.109314
94,0.8,1.140089,-0.87836
94,1.0,1.266285,-0.621793
94,1.2,1.337555,-0.350745
94,1.4,1.353239,-0.076481
94,1.6,1.314898,0.190048
94,1.8,1.226163,0.438626
94,2.0,1.092512,0.660145
94,2.2,0.920982,0.846925
94,2.4,0.719828,0.992953
94,2.6,0.49815,1.094066
94,2.8,0.265502,1.148033
94,3.0,0.031498,1.154573
94,3.2,-0.194575,1.115288
94,3.4,-0.404104,1.033524
94,3.6,-0.589468,0.914174
94,3.8,-0.744299,0.763422
94,4.0,-0.863683,0.588451
95,0.0,-2.441383,2.383295
95,0.2,-2.809449,1.814121
95,0.4,-3.052198,1.195663
95,0.6,-3.164964,0.554263
95,0.8,-3.148392,-0.083864
95,1.0,-3.008207,-0.693661
95,1.2,-2.75479,-1.25217
95,1.4,-2.402581,-1.73936
95,1.6,-1.969356,-2.138798
95,1.8,-1.475389,-2.43816
95,2.0,-0.942559,-2.629553
95,2.2,-0.393419,-2.709657
95,2.4,0.149717,-2.679675
95,2.6,0.665649,-2.545105
95,2.8,1.135079,-2.31536
95,3.0,1.541304,-2.003239
95,3.2,1.870768,-1.624292
95,3.4,2.113478,-1.196094
95,3.6,2.263255,-0.737477
95,3.8,2.317833,-0.267735
95,4.0,2.27879,0.194156
96,0.0,2.402508,0.798609
96,0.2,2.152481,1.23504
96,0.4,1.827302,1.605615
96,0.6,1.442752,1.898288
96,0.8,1.016337,2.104564
96,1.0,0.566528,2.219688
96,1.2,0.111995,2.24269
96,1.4,-0.329137,2.176274
96,1.6,-0.739982,2.026569
96,1.8,-1.105512,1.802747
96,2.0,-1.413077,1.51655
96,2.2,-1.652811,1.181718
96,2.4,-1.817911,0.813374
96,2.6,-1.904788,0.42737
96,2.8,-1.913079,0.039632
96,3.0,-1.845539,-0.334467
96,3.2,-1.707806,-0.680696
96,3.4,-1.508069,-0.986485
96,3.6,-1.256642,-1.241349
96,3.8,-0.965476,-1.437226
96,4.0,-0.64762,-1.568697
97,0.0,-0.965821,-0.904743
97,0.2,-0.751644,-1.057229
97,0.4,-0.516198,-1.162008
97,0.6,-0.26961,-1.216817
97,0.8,-0.022049,-1.221451
97,1.0,0.216675,-1.177695
97,1.2,0.437488,-1.089172
97,1.4,0.632375,-0.961132
97,1.6,0.794663,-0.800178
97,1.8,0.919223,-0.613953
97,2.0,1.002619,-0.410798
97,2.2,1.043173,-0.199395
97,2.4,1.040965,0.01159
97,2.6,0.997758,0.213844
97,2.8,0.916865,0.399728
97,3.0,0.802956,0.562547
97,3.2,0.661823,0.696779
97,3.4,0.500101,0.798248
97,3.6,0.324983,0.864232
97,3.8,0.143904,0.893519
97,4.0,-0.035755,0.886392
98,0.0,1.355734,2.382662
98,0.2,0.838418,2.552937
98,0.4,0.308295,2.615776
98,0.6,-0.213211,2.57291
98,0.8,-0.705854,2.430176
98,1.0,-1.151323,2.197123
98,1.2,-1.533883,1.88649
98,1.4,-1.840905,1.51358
98,1.6,-2.06323,1.095553
98,1.8,-2.195406,0.650677
98,2.0,-2.23575,0.197562
98,2.2,-2.18627,-0.245585
98,2.4,-2.052442,-0.661663
98,2.6,-1.842854,-1.035312
98,2.8,-1.568749,-1.353449
98,3.0,-1.243475,-1.605693
98,3.2,-0.881877,-1.784673
98,3.4,-0.49965,-1.886197
98,3.6,-0.11269,-1.909295
98,3.8,0.263546,-1.85613
98,4.0,0.614629,-1.731792
99,0.0,2.322519,1.679253
99,0.2,1.904148,2.065465
99,0.4,1.427027,2.355013
99,0.6,0.912291,2.540259
99,0.8,0.38173,2.617982
99,1.0,-0.143095,2.589329
99,1.2,-0.641693,2.459603
99,1.4,-1.095416,2.237887
99,1.6,-1.488115,1.936538
99,1.8,-1.806682,1.570572
99,2.0,-2.041452,1.156967
99,2.2,-2.186444,0.713915
99,2.4,-2.239455,0.260058
99,2.6,-2.201999,-0.186268
99,2.8,-2.079103,-0.607743
99,3.0,-1.878966,-0.988705
99,3.2,-1.612517,-1.315708
99,3.4,-1.292871,-1.57796
99,3.6,-0.93473,-1.76765
99,3.8,-0.553739,-1.880136
99,4.0,-0.165831,-1.914005
